{
  "research_phase_complete": true,
  "novel_algorithms_implemented": 3,
  "comparative_study_results": {
    "8x8": {
      "baseline": {
        "accuracy_mean": 0.2591477199413852,
        "accuracy_std": 0.05938931606558924,
        "latency_mean": 0.06062507629394531,
        "latency_std": 0.018176129309681467,
        "energy_mean": 1.4055531233440884e-14,
        "energy_std": 5.639233441313035e-15
      },
      "novel_adaptive": {
        "accuracy_mean": 0.22948041705605868,
        "accuracy_std": 0.14739002795881256,
        "latency_mean": 0.07256507873535156,
        "latency_std": 0.03424412672062165,
        "energy_mean": 3.2137315139295866e-09,
        "energy_std": 1.5368924210105923e-09
      },
      "novel_statistical": {
        "accuracy_mean": 0.17627412815805957,
        "accuracy_std": 0.18556078833702802,
        "latency_mean": 0.31966209411621094,
        "latency_std": 0.09398121684961507,
        "energy_mean": 8.587479011554633e-09,
        "energy_std": 6.4865485158874145e-09
      },
      "novel_evolutionary": {
        "accuracy_mean": 0.7764939118721992,
        "accuracy_std": 0.1457913685241431,
        "latency_mean": 10.059919357299805,
        "latency_std": 1.8696430104507167,
        "energy_mean": 1e-09,
        "energy_std": 0.0
      }
    },
    "12x12": {
      "baseline": {
        "accuracy_mean": 0.2083989146568937,
        "accuracy_std": 0.0385478403614442,
        "latency_mean": 0.12053489685058594,
        "latency_std": 0.022220419710992766,
        "energy_mean": 2.8596106382843695e-14,
        "energy_std": 1.0192697234051764e-14
      },
      "novel_adaptive": {
        "accuracy_mean": 0.1826389657180963,
        "accuracy_std": 0.1221575117568126,
        "latency_mean": 0.15252113342285156,
        "latency_std": 0.04672945964541808,
        "energy_mean": 6.119209704053724e-09,
        "energy_std": 3.627677485517985e-09
      },
      "novel_statistical": {
        "accuracy_mean": 0.10448336148098758,
        "accuracy_std": 0.1262922036152843,
        "latency_mean": 0.690765380859375,
        "latency_std": 0.21650966417367684,
        "energy_mean": 1.7710848194320717e-08,
        "energy_std": 1.1129259913189651e-08
      },
      "novel_evolutionary": {
        "accuracy_mean": 0.5127166644953347,
        "accuracy_std": 0.18566912268888622,
        "latency_mean": 15.478944778442383,
        "latency_std": 1.9497199286299989,
        "energy_mean": 1e-09,
        "energy_std": 0.0
      }
    },
    "16x16": {
      "baseline": {
        "accuracy_mean": 0.16043594673905473,
        "accuracy_std": 0.024786363368079337,
        "latency_mean": 0.20456314086914062,
        "latency_std": 0.03984997342357556,
        "energy_mean": 4.8639223933106926e-14,
        "energy_std": 1.4971889785643702e-14
      },
      "novel_adaptive": {
        "accuracy_mean": 0.10794369196576645,
        "accuracy_std": 0.07212710932779566,
        "latency_mean": 0.2686023712158203,
        "latency_std": 0.07638655570051818,
        "energy_mean": 9.705383684682918e-09,
        "energy_std": 3.945538645644066e-09
      },
      "novel_statistical": {
        "accuracy_mean": 0.03730132243534954,
        "accuracy_std": 0.04185638605442625,
        "latency_mean": 1.31317138671875,
        "latency_std": 0.4347004171178338,
        "energy_mean": 3.0527939165711816e-08,
        "energy_std": 1.6542185405764817e-08
      },
      "novel_evolutionary": {
        "accuracy_mean": 0.36952870221351075,
        "accuracy_std": 0.15603003881788172,
        "latency_mean": 23.716793060302734,
        "latency_std": 1.7798580613303079,
        "energy_mean": 1e-09,
        "energy_std": 0.0
      }
    }
  },
  "publication_summary": {
    "research_title": "Novel Algorithms for Memristive Neural Network Accelerator Optimization",
    "methodology": {
      "algorithms_evaluated": 4,
      "array_sizes_tested": 3,
      "total_experiments": 12,
      "trials_per_experiment": 25
    },
    "key_findings": {
      "novel_algorithms_outperform_baseline": true,
      "statistically_significant_improvements": 7,
      "best_performing_algorithm": "novel_evolutionary"
    },
    "performance_comparison": {
      "baseline": {
        "accuracy_mean": 0.20932752711244454,
        "accuracy_std": 0.05891930925050023,
        "accuracy_median": 0.1997172207130312,
        "latency_mean_ms": 0.12857437133789062,
        "energy_mean_nj": 3.0430287183130502e-05,
        "sample_size": 75
      },
      "novel_adaptive": {
        "accuracy_mean": 0.17335435824664047,
        "accuracy_std": 0.1269304284863716,
        "accuracy_median": 0.13539830631443583,
        "latency_mean_ms": 0.16456286112467447,
        "energy_mean_nj": 6.346108300888743,
        "sample_size": 75
      },
      "novel_statistical": {
        "accuracy_mean": 0.1060196040247989,
        "accuracy_std": 0.14202845759065716,
        "accuracy_median": 0.03933524434756071,
        "latency_mean_ms": 0.7745329538981119,
        "energy_mean_nj": 18.942088790529056,
        "sample_size": 75
      },
      "novel_evolutionary": {
        "accuracy_mean": 0.5529130928603482,
        "accuracy_std": 0.23401933732408678,
        "accuracy_median": 0.5336668654082641,
        "latency_mean_ms": 16.41855239868164,
        "energy_mean_nj": 1.0,
        "sample_size": 75
      }
    },
    "statistical_significance": {
      "8x8": {
        "comparisons": {
          "novel_adaptive": {
            "accuracy_improvement": -0.11448027747277403,
            "latency_change": 0.19694824602800062,
            "cohens_d": 0.264030766199468,
            "statistically_significant": false
          },
          "novel_statistical": {
            "accuracy_improvement": -0.3197928648651442,
            "latency_change": 4.272770174610665,
            "cohens_d": 0.6015457278135069,
            "statistically_significant": true
          },
          "novel_evolutionary": {
            "accuracy_improvement": 1.9963370391521442,
            "latency_change": 164.9366053169734,
            "cohens_d": 4.6475728188652035,
            "statistically_significant": true
          }
        }
      },
      "12x12": {
        "comparisons": {
          "novel_adaptive": {
            "accuracy_improvement": -0.12360884403456888,
            "latency_change": 0.2653690956563019,
            "cohens_d": 0.2843982777374931,
            "statistically_significant": false
          },
          "novel_statistical": {
            "accuracy_improvement": -0.49863768891019344,
            "latency_change": 4.730833135532874,
            "cohens_d": 1.1129519048109835,
            "statistically_significant": true
          },
          "novel_evolutionary": {
            "accuracy_improvement": 1.4602655217253282,
            "latency_change": 127.41878313157686,
            "cohens_d": 2.2695446218562374,
            "statistically_significant": true
          }
        }
      },
      "16x16": {
        "comparisons": {
          "novel_adaptive": {
            "accuracy_improvement": -0.3271851217898548,
            "latency_change": 0.31305361305361307,
            "cohens_d": 0.973357772889995,
            "statistically_significant": true
          },
          "novel_statistical": {
            "accuracy_improvement": -0.7675002192867709,
            "latency_change": 5.419393939393939,
            "cohens_d": 3.579796764167842,
            "statistically_significant": true
          },
          "novel_evolutionary": {
            "accuracy_improvement": 1.303278721037128,
            "latency_change": 114.93874125874126,
            "cohens_d": 1.8716902706628173,
            "statistically_significant": true
          }
        }
      }
    },
    "reproducibility": {
      "code_available": true,
      "datasets_synthetic": true,
      "random_seed_controlled": false,
      "environment_documented": true
    }
  },