{
  "statistical_analysis": {
    "baseline": {
      "accuracy": {
        "mean": 0.6,
        "std": 0.1118033988749895,
        "min": 0.44999999999999996,
        "max": 0.75
      },
      "energy": {
        "mean": 1449533290642.5544,
        "std": 1341548416192.0632,
        "min": 201061471773.17053,
        "max": 3522461431358.949
      },
      "latency": {
        "mean": 28.672,
        "std": 26.5451139006786,
        "min": 4.096,
        "max": 65.536
      },
      "reliability": {
        "mean": 0.9900000000000001,
        "std": 1.1102230246251565e-16,
        "min": 0.99,
        "max": 0.99
      }
    },
    "adaptive_encoding": {
      "accuracy": {
        "mean": 0.65,
        "std": 0.11180339887498951,
        "min": 0.49999999999999994,
        "max": 0.8
      },
      "energy": {
        "mean": 1323988163817.8872,
        "std": 1211557557917.446,
        "min": 184065060868.31213,
        "max": 3253966638338.031
      },
      "latency": {
        "mean": 31.539200000000005,
        "std": 29.199625290746454,
        "min": 4.5056,
        "max": 72.0896
      },
      "reliability": {
        "mean": 0.9920000000000003,
        "std": 3.3306690738754696e-16,
        "min": 0.992,
        "max": 0.992
      }
    },
    "variation_aware": {
      "accuracy": {
        "mean": 0.7875,
        "std": 0.027950849718747346,
        "min": 0.75,
        "max": 0.825
      },
      "energy": {
        "mean": 1509362973973.966,
        "std": 1404911934414.0303,
        "min": 203474285971.2964,
        "max": 3488839926206.1987
      },
      "latency": {
        "mean": 34.4064,
        "std": 31.854136680814314,
        "min": 4.9152,
        "max": 78.6432
      },
      "reliability": {
        "mean": 0.9949999999999998,
        "std": 2.220446049250313e-16,
        "min": 0.995,
        "max": 0.995
      }
    },
    "autonomous_calibration": {
      "accuracy": {
        "mean": 0.6750000000000002,
        "std": 0.11403946685248922,
        "min": 0.522,
        "max": 0.828
      },
      "energy": {
        "mean": 1457423303508.1292,
        "std": 1350434945690.205,
        "min": 182031166185.13675,
        "max": 3630170612822.736
      },
      "latency": {
        "mean": 32.9728,
        "std": 30.526880985780387,
        "min": 4.7104,
        "max": 75.3664
      },
      "reliability": {
        "mean": 0.9939999999999999,
        "std": 1.1102230246251565e-16,
        "min": 0.994,
        "max": 0.994
      }
    },
    "hybrid_approach": {
      "accuracy": {
        "mean": 0.9325000000000001,
        "std": 0.030186917696247106,
        "min": 0.8920000000000001,
        "max": 0.973
      },
      "energy": {
        "mean": 1559195938723.699,
        "std": 1430468408861.3591,
        "min": 213682563263.0995,
        "max": 3656722620271.1196
      },
      "latency": {
        "mean": 35.84,
        "std": 33.18139237584824,
        "min": 5.12,
        "max": 81.92
      },
      "reliability": {
        "mean": 0.997,
        "std": 0.0,
        "min": 0.997,
        "max": 0.997
      }
    }
  },
  "research_insights": {
    "novel_contributions": [
      "Adaptive Weight Encoding: Dynamic quantization based on weight distribution characteristics",
      "Variation-Aware Training: Explicit modeling of device variations during training",
      "Autonomous Calibration: Self-calibrating crossbars without external supervision",
      "Hybrid Approach: Synergistic combination of multiple novel techniques"
    ],
    "performance_rankings": {
      "accuracy": [
        "hybrid_approach",
        "variation_aware",
        "autonomous_calibration",
        "adaptive_encoding",
        "baseline"
      ],
      "energy": [
        "adaptive_encoding",
        "baseline",
        "autonomous_calibration",
        "variation_aware",
        "hybrid_approach"
      ],
      "latency": [
        "baseline",
        "adaptive_encoding",
        "autonomous_calibration",
        "variation_aware",
        "hybrid_approach"
      ],
      "reliability": [
        "hybrid_approach",
        "variation_aware",
        "autonomous_calibration",
        "adaptive_encoding",
        "baseline"
      ]
    },
    "practical_recommendations": [
      "For highest accuracy: Use hybrid_approach",
      "For lowest energy: Use adaptive_encoding",
      "For best reliability: Use hybrid_approach",
      "For balanced performance: Use hybrid_approach (score: 0.930)"
    ]
  },
  "timestamp": "2025-08-13 02:37:20",
  "total_experiments": 12
}